{
    "loss": 22.44255828857422,
    "accuracy": 0.3866666555404663
}