{
    "loss": 17.93923568725586,
    "accuracy": 0.3866666555404663
}